text,truth_label,prediction_label,raw_output,correct
"Jako ljubazan, stručan, voljan pomoći.",2,2,2,True
"Sasluša pacijenta i procijeni što je najbolje učiniti kako bi se riješile tegobe - u mom slučaju, kako bih uopće došla do konačne dijagnoze.",2,2,2,True
Jedan od rijetkih doktora koji želi znati sve tegobe neovisno jesu li isključivo vezane za njegovo područje.,2,2,2,True
Najbolji neurokirurg kojeg sam upoznala.,2,2,2,True
"Spasio me od nepokretnosti, života u bolovima i nemoći.",2,2,2,True
Stopalo desne noge je palo (nervus peroneus).,2,0,0,False
Nakon operacije svi bolovi su nestali a stopalo se sa vremenom uz fizikalnu terapiju vratilo u funkciju.,2,2,2,True
"Dragi svi, Operirala sam lumbalni dio kraljeznice 31.7.2024.",2,1,1,False
Prvi pregled kod Sajka kao i susret s njim prije i poslije operacije bio je ugodan i profesionalan.,2,2,2,True
Profesionalac koji unaprijed zna sto pocijenta zanima i bez ikakvih dodatnih pitanja dobijete odmah sve bitne i kljucne informacije.,2,2,2,True
"Pređeni kilometri uzaludno za 4 minute pregleda i 750 kn , izvikani , bahati i čak bi se usudio reći slab sa živcima.",2,0,0,False
Ne preporučam .,2,0,0,False
Vrhunski odrađena operacija.,2,2,2,True
"Svakodnevna kontrola, detaljno objašnjenje svih mojih pitanja.",2,2,2,True
"Tomislav Sajko jedan je izuzetan liječnik i još bolji čovjek, svijetla točka našeg zdravstva.",2,2,2,True
Prije 3 mjeseca je operirao mog svekra (diskus hernija - ekstruzija diska) i vratio ga u život.,2,2,2,True
"Doktor koji uništava kičme , a nitko mu ništa ne može...",2,0,0,False
Dno dna da takav Doktor uopće smije operirati pacijente nakon svih neuspješnim operacija.,2,0,0,False
Sama sam jedna od njih.,2,1,1,False
"Nakon 3 operacije kralježnice i stabilzacije kralježnice , doktor je rekao da ne vidi cemu bol, onda me je poslao na CT gdje se vidjelo da je implantat ispao u spirani kanal ..",2,0,0,False
"to je izvadio , bolovi mi ne staju ni nakon toga, doktor se ne javlja uopće niti vidi razlog moje boli....",2,0,0,False
"Pozdrav, Pišem ovaj komentar zbog svoje svoje tete koja je bila kod dr. Sajka na operaciji kralježnice.",2,1,1,False
"Doktorica Ulla Marton je vodila obje trudnoće našeg djeteta, i oboje su bile rizične.",2,0,0,False
"Tragajući za liječnikom koji će biti u stanju prepoznati zdravstveno stanje i voditi u razdoblju nesigurnosti u plodnost, nije bilo lako.",2,0,0,False
Doktorica Manda Marton je na prvom pregleda napravila ogroman zaokret u pogledu pojašnjenja i vodstva.,2,2,2,True
"Nakon toga je dr.Ulla Marton nastavila voditi cijelu trudnoću, sve do poroda na KB Sveti Duh.",2,2,2,True
"Jednako tako je vodila vrlo brižno i drugu trudnoću, koja je ispala još rizičnija.",2,2,2,True
"Doktoricu Ullu Marton krasi iznimna razina topline, empatije, istinske brige za pacijenticu.",2,2,2,True
Svaki put smo bili uvjereni u to.,2,1,1,False
"Pritom razina stručnosti i realnost procjene nikad nije izostala, štoviše, bila je savršena.",2,2,2,True
Primjećujem da svoj poziv i zvanje iznimno voli.,2,2,2,True
Nikad nije bila loše volje ili odsutna.,2,2,2,True
"Nikad nije odradila pregled ili prijem ""ofrlje"", dapače.",2,0,0,False
"Doktorica Ulla Marton, zajedno s dr. Mandom Marton je pomogla da se unatoč ne savršenim zdravstvenim ginekol.okolnostima, naših dvoje anđela zdravo rode.",2,2,"2
```
2
```",True
Toplina i stručnost kojom smo bili okruženi svaki put kad bismo došli na praćenje i kontrolu bila je uvijek iznimna.,2,2,2,True
"To je ranjivoj ženi ispredanoj od liječenja i bolnica, kao i suprugu jako važno.",2,2,2,True
Zauvijek ćemo joj biti zahvalni.,2,2,2,True
Iznimna liječnica i čovjek.,2,2,2,True
O dr. Marton definitivno sve najbolje.,2,2,2,True
Njezina sam pacijentica više od deset godina i stvarno mogu reći da imam najbolju doktoricu na svijetu.,2,2,2,True
"Iznimno profesionalna i ljubazna kao doktor i kao čovjek, dijagnoza bolesti joj je uvijek na mjestu i uz propisanu terapiju stanje mi se popravlja vrlo brzo.",2,2,2,True
Ovaj komentar me je ostavio bez riječi.,2,2,2,True
Toliko neprijateljskih kleveti i neistina nemogu uopće pojmiti.,2,0,0,False
Vrlo primitivno!,2,0,0,False
"Mama Marton je jedna od najtoplijih, najnježnijih i najpažljivijih ljećnica ginekologije.",2,2,2,True
A da njezino dugogodišnje iskustvo i stvarno veliko profesionalno znaje niti ne spominjem.,2,2,2,True
Ali da bi to netko mogao ocijeniti mora i sam imati barem neko osnovno zanje o osobnoj njezi i vlastitom tijelu.,2,1,1,False
Nakon gotovo 55 godina posjetama ginekologa u Hrvatskoj ali i u inozemstvu mislim da to mogu jako dobro ocijeniti.,2,2,2,True
No očito ovakav nivo nije za svakoga.,2,0,0,False
"A što se tiče KLEVETA, može Vas biti samo sram.",2,0,0,False
I dobro je da više ne dolazite.,2,0,0,False
"Doktorica Ulla Marton je prvenstveno čovjek, a onda i vrlo dobra liječnica.",2,2,2,True
"Svog pacijenta cijeni, ne ismijava, ne obraća se s visoka.",2,1,1,False
Sve pojasni i ne gleda vas samo kroz novčanik.,2,2,2,True
Drago mi je da sam na preporuku otišla do doktorice Ulle.,2,2,2,True
"Nažalost, imala sam negativno iskustvo s doktoricom Marton.",2,0,0,False
Došla sam s nalazima o prisutnosti HPV-a te CIN I.,2,0,0,False
"Doktorica je imala samo jedan savjet, a to je cijepljenje protiv HPV-a (koje ne rješava trenutni probelm jer je virus već prisutan).",2,0,0,False
"Iako je procedura takva da se nakon pozitivnog HPV testa napravi kolposkopija te se vidi koliko su stanice vrata maternice promijenjene te treba li ih ukloniti, doktorica mi je tu opciju predložila kao „možemo to napraviti ukoliko se ne želite cijepiti“, cijelo vrijeme spominjući cijepljenje kao najispravniji korak.",2,1,1,False
"Na sreću, otišla sam kod druge doktorice koja je kolposkopskim pregledom utvrdila da su stanice dosta promijenjene te da treba hitno reagirati kako se ne bi stvorio puno veći problem.",2,0,0,False
"Ovakav pristup doktorice Marton, koji ne pokazuje dovoljno brige prema pacijentu, smatram neprofesionalnim.",2,0,0,False
Doktorica Marton mi je vodila prvu trudnoću.,2,2,2,True
Iako sam bila zadovoljna s njom i vjerovala joj nije se pokazala dobrim dijagnostičarom što je rezultiralo s prijevremenim porodom i boravkom bebe na intenzivnoj od 23 dana.,2,0,0,False
"Vjerujem da je velika većina ljudi zadovoljna s njom budući da je 90% trudnoća uredno, ali onda vam i ne treba posebno dobar liječnik.",2,1,1,False
Zaboravila sam napomenuti da se presvlačite pokraj otvorenih prozora :O užas.,2,0,0,False
"Naručila sam se kod dr.Ulle Marton na pregled, a pregledala me njezina majka.",2,1,1,False
"Živu me isprepadala, da tko zna kakve sam bolesti pokupile (a odnose sam imala samo sa sadnjišim dečkom).",2,0,0,False
Uzela mi i briseve i papa da bi na kraju sve bilo u savršenom redu k tome je koristila RUKAVICU KOJA SE KORISTI ZA TOČENJE GORIVA NA BENZINSKOJ CRPKI.,2,0,0,False
"I sve to sam masno platila, nikad mi nije žao dati novce za zdravlje, ali ovo ne zaslužuje nijednu lipu.",2,2,2,True
"Za dr.Ullu ne mogu ništa reći jer mi se samo u prolazu javila, ali tretman koji sam dobila od njezine majke ne bih ni kobili priuštila, nikad više u tu ordinaciju neću nogom kročiti.",2,0,0,False
Par godina sam išla kod doktorice privatno.,2,1,1,False
"Iako doktorica je korektna i predana svom poslu, smatrala sam da je jednostavno preskupa te da mi ne odgovara kao doktorica.",2,0,0,False
"Vjerujem da ima mnogo vrlo zadovoljnih pacijenta ali ja nažalost nisam jedna, osjećala sam se kao da sam samo broj u nizu.",2,0,0,False
"Ipak hvala na svemu, ali našla sam novog ginekologa koji je više odgovarao i kojem absolutno vjerujem.",2,2,2,True
"što reći o ginekologu koji na vaš odgovor da imate 20 godina i partnera kaže -ah, dječja posla... katastrofa.",2,0,0,False
Nisam bila zadovoljna načinom rada u ordinaciji dr. Marton jer neke pacijentice pregledava ona a neke dr. Manda Marton?,2,0,0,False
"Ja sam bila jednom i eto, po redosljedu sam došla kod dr. Mande i nisam bila zadovoljna.",2,0,0,False
Smatram da se za tu cijenu treba dobiti puno više uljudnosti i ljubaznosti pri pregledu.,2,0,0,False
Također mi je jednako naplaćen UZV+papa+pregled i sami pregled bez UZV-a i pape.,2,1,1,False
"Dr. Manda me nije shvaćala pretjerano ozbiljno jer sam ""mlada"" pa me to malo uvrijedilo.",2,0,0,False
Evo da i ja malo pohvalim svoju doktoricu!!!,2,2,2,True
"U njezinom je radu prvenstveno izražena ljudskost i visok stupanj profesionalnosti, izrazito je ljubazna, uvijek vesela te stručna.",2,2,2,True
Uvijek se maksimalno potrudi pomoći.,2,2,2,True
Hvala za sve..,2,2,2,True
Dr.,2,1,1,False
"Borčić Sesar je izvrsna doktorica, stručna, profesionalna, požrtvovna i nadasve ljubazna osoba.",2,2,2,True
Mislim da bi se mnogi mogli naučiti od nje kako se ponaša prema pacijentu.,2,2,2,True
Doktorica je izrazito predana svom poslu!,2,2,2,True
Zbog nje sam izgubila strah od stomatologa!,2,2,2,True
Sada dođem opušteno i sjednem na stolicu!,2,2,2,True
Jako stručna u svom poslu!,2,2,2,True
"Ljubazna, stručna i pažljiva.",2,2,2,True
Termini uvijek po dogovoru bez kašnjenja.,2,2,2,True
Ordinacija i čekaonica uvijek jako uredno i čisto.,2,2,2,True
Sve pohvale!!,2,2,2,True
"Izuzetno susretljiva i profesionalna,predana svom poslu.",2,2,2,True
"Uvijek spremna poslušati, objasniti i riješiti problem.",2,2,2,True
Svaki zahvat obavi stručno i bezbolno.,2,2,2,True
Tople preporuke A.P.,2,2,2,True
"Smirena, i izuzetno strpljiva.",2,2,2,True
"Prvenstveno čovjek, a onda vrhunska liječnica.",2,2,2,True
Što se tiće zahvata - uvijek bez greške.,2,2,2,True
"Rad precizan, ima nježnu ruku, ne odugovlaći.",2,2,2,True
"Predivna i izuzetno stručna liječnica, ordinacija uvijek besprijekorno čista i uredna kao i prostor čekaonice.",2,2,2,True
Sestre uvijek ljubazne i nasmijane.,2,2,2,True
"Posebne pohvale liječnici za rad s malom djecom, jako pristupačna, nježna i puna empatije prema svima.",2,2,2,True
Pacijentica sam doktorice dent.med.Ivane Borcic od prvog dana otvaranja ordinacije.,2,2,2,True
"Uvijek je profesionalna, dostupna i informirana o novitetima u dentalnoj medicini.",2,2,2,True
"To mi je izrazito vazno jer ponudi neka nova rjesenja problema, nove mogucnosti.",2,2,2,True
S vremenom je cijela moja obitelj postala stalni pacijent.,2,1,1,False
Hvala Vam dr.Ivana.,2,2,2,True
Najbolja teta zubarica na svijetu!,2,2,2,True
Za svaki moj problem je pronašla najbolje rješenje.,2,2,2,True
"Iako mi je još od djetinjstva odlazak kod zubara bio svojevrsna drama, nikada mi nije bio problem otići kod Ivane.",2,2,2,True
Učinila je da strah i nelagoda nestanu :),2,2,2,True
Doktorica Ivana vam doslovno vraća osmijeh na lice!,0,2,2,False
"Nema straha, nema neizvjesnosti; dobijete objašnjenje za svaki korak koji će napraviti.",0,2,2,False
"Ovdje ste u stručnim, samouvjerenim i pažljivim rukama!",0,2,2,False
Svima bih preporučio doktoricu Ivanu jer svim pacijentima koji imaju problem sa zubima rijesit ce na najbolji mogući nacin.,2,2,2,True
Vrlo je ljubazna i pedantna te predana svome poslu.,2,2,2,True
"Najbolja doktorica koja postoji, ima dobre savjete, jako je pristupačna i osjećajna, preporučujem i drugima jer je najbolja !",2,2,2,True
"Apsolutno je naj, naj bolja kao doktorica, kao osoba i kao majka.",2,2,2,True
Svaka joj čast.,2,2,2,True
Skidam kapu do poda.?????,2,0,0,False
Sve je rečeno u samom ocjenjivanju Sve ostalo je suvisno.,0,1,1,False
STRUČNOST I LJUBAZNOST NA NIVOU.,0,2,2,False
UVIJEK SPREMNA POMOCI PREPORUČIO BIH ORDINACIJU DR BORCIC SESAR SVIMA,0,2,2,False
Njezino raspoloženje i samom pacijentu popravi dan.,1,2,2,False
"Vrlo pristupačna, profesionala , organizirana i ljubazna doktorica.",1,2,2,False
"Već sam dvije godine njezina pacijentica i dok god mogu, biti ću njezina pacijentica jer joj u potpunosti vjerujem.",1,2,2,False
Dr.,0,1,1,False
"Borčić izuzetno je susretljiva, strpljiva i ugodna osoba.",0,2,2,False
"Savjesna je, stručna i profesionalna.",0,2,2,False
Dobila sam dojam da jako voli ono što radi.,0,2,2,False
Temeljita je i redovito savjetuje pacijenta kako preventivno djelovati.,0,2,2,False
Nakon svih radova bila sam zadovoljna pristupom i profesionalnošću te bih svakako preporučila dr.,0,2,2,False
Borčić kao osobu kojoj se s punim povjerenjem mozete obratiti.,0,2,2,False
"Doktorica je izuzetno stručna, angažirana i topla osoba.",0,2,2,False
"Izrazito ljubazna,strucna,temeljita i jasna.",1,2,2,False
Sve su to odlike koje krase divnu doktoricu Ivanu.,1,2,2,False
Kod nje strah od zubara nestaje.,1,2,2,False
Sve pohvale i tople preporuke.,1,2,2,False
Ana,1,1,1,True
Za Ivanu Borčić Sesar rekao bih kako ima poseban pristup prema pacijentu.,2,2,2,True
"Uvijek je nasmijana, ljubazna, edukativna, a takvo joj je i osoblje.",2,2,2,True
"Kao njezin pacijent, imam dojam da sam joj najvažniji pacijent, no u razgovoru s drugim osobama shvatio sam kako takav pristup ima prema svim pacijentima.",2,1,1,False
"Smatram da je kod stomatologa bitna stručnost, ali i dobar pristup, a Ivana je i stručna te ima dobar pristup prema pacijentima.",2,2,2,True
Sve pohvale za rad Ivani i želim joj puno sreće.,2,2,2,True
Adam,2,1,1,False
"Sve pohvale za doktoricu Ivanu, uvijek ljubazna, nasmijana i potpuno predana poslu.",1,2,2,False
"Strah od zubara nestane kada dodete u njezine ruke.Ordinacija je prekrasna, uvijek uredna i čista, sestra takoder ljubazna, puno uspjeha im želim u radu.",1,2,2,False
Doktorici Ivani velika pohvala za profesionalnost i posvećenost svakom pacijentu.,1,2,2,False
Uvijek ljubazna i spremna odgovoriti na sva pitanja.Vrlo je smirena i topla prema malim pacijentima kojima odlazak stomatologu nije neugodno iskustvo.,1,2,2,False
"Izuzetno pedantna i temeljita,a njezina stručnost ulijeva veliku sigurnost pacijentu.",1,2,2,False
"Sve pohvale doktorici Ivani i njenim tehničarkama na ljubaznosti, stručnosti, i prije svega iskrenosti, bez nje bih imala zub manje (greškom druge liječnice) i još uvijek živjela u uvjerenju da imam dobre zube kao što su me liječnici prije nje uvjeravali popravljajući po jedan godišnje!",1,2,2,False
Uspjele su umanjiti moj 'strah od zubara na najmanji mogući'.,1,2,2,False
"Svojom vedrinom, nasmijanošću, savjetom, uputama.",1,2,2,False
Doktorica svesrdno pomogla i kad je nećak završio u bolnici.,1,2,2,False
Svaka čast doktorici i njenoj sestri Mariji.,1,2,2,False
"Stomatologinja Ivana ima u sebi sve ono što bi najdoktor trebao imati:ljubaznost,srdačnost,nasmijano st,iskrenost,stručnost,pažljivost,razumijevanje ..",1,2,2,False
"Od prvog dana smo njezini pacijenti i svaki odlazak kod stomatologa nam ne predstavlja baš nikakav problem,kako meni,tako niti mom suprugu i trima kćerkama.I dan danas po dječjim sobama imamo izvješene diplome za hrabrost koje su kćerke dobivale prilikom posjeta našoj stomatologinji Ivani.Naša stomatologinja Ivana s nevjerojatnom lakoćom rješava sve probleme sa zubima na koje smo nailazili,bez imalo bola,bez straha.",1,2,2,False
"Prije petnaestak godina su mi popravljeni svi zubi u praktički svega nekoliko odlazaka k njoj,i od tada odlazim samo na redovne kontrole.",1,2,2,False
"To dovoljno govori o kvaliteti materijala koji koristi,njezinoj stručnosti i vrhunskom znanju.",1,2,2,False
"Što se tiče njezinog osoblja,vrlo je lijep osjećaj kada nazovete,a sestra Marija srdačno razgovara s vama,pita vas kako ste ,naručuje vas u ekspresnom terminu.Prostor stomatološke radionice je ambijentalni,moderan,opuštajući i izuzetno uredan.",1,2,2,False
Toplo preporučujemo našu stomatologinju Ivanu svakom pacijentu.,1,2,2,False
"Dr Ivana Borcic Sesar je strucna, ljubazna, puna razumjevanja, strpljenja, spremna uvijek saslusati, savjetovati i pronaci najbolje rijesenje za pacijenta.",0,2,2,False
"Kcerku koja se bojala zubara, uspjela je osloboditi straha, te od tada nas svaki posjet njoj je opusten.",0,2,2,False
Za osoblje ordinacije također sve pohvale.,0,2,2,False
"Moj svaki odlazak stomatologu je opušten i miran jer uz stručnost, mirnu ruku ,vedru i nasmijanu dr.",2,2,2,True
Ivanu koja te svaki puta uputi i objasni koji je moj problem te predloži najbolje dugoročno rješenje za moje zube.,2,2,2,True
"Ugodna atmosfera,uredan i čist prostor te uvijek nasmijana sestra Marija nestaje strah od stomatologa.",2,2,2,True
Ako i TI želiš imati kao i ja prekrasan osmijeh i prvenstveno zdrave zube uputi se na adresu dr.,2,2,2,True
Ivane jer nećeš požaliti.,2,2,2,True
"Svakome bih ju preporučila: stručna, odličan dijagnostičar, pažljivo sluša i sve objasni pacijentu, ima odlično opremljenu ordinaciju, temeljita, strpljiva, puna je blagosti i suosjećanja, etična..ima izuzetno ljubaznu i dobro obučenu sestru.Straha od odlaska zubaru više nema od kada smo njezini pacijenti.Svi članovi obitelji su postali njezini pacijenti .",2,2,2,True
"Izrazito stručna osoba koja jako kvalitetno obavlja svoj posao, a sve u skladu sa trendovima.",1,2,2,False
Vrlo ambiciozna osoba spremna pomoći te odraditi svoj zadatak na najbolji mogući nacin.,1,2,2,False
"Uglavnom,sve najbolje..",1,2,2,False
"Doktorica Ivana je stručna, srdačna, pristupačna i stalno se educira; savjetuje pacijenta i daje mu preporuke-ja sam njom preprezadovoljna!",0,2,2,False
Atmosfera u prelijepo uređenoj modernoj ordinaciji od ljubazne stručne sestre do sposobne doktorice je opuštajuća i ugodna.,0,2,2,False
Sve pohvale!,0,2,2,False
"Dr.Ivana strucna, ljubazna, susretljiva svima bih ju preporucila.",0,2,2,False
"Sve tretmane zubi radim kod nje, prezadovoljna sam.",0,2,2,False
"Ambijent i atmosfera, ugodna i opustajuca, jedno rijecju ambulanta je prekrasna.",0,2,2,False
Moram napomenuti da je i sestra Marija uvijek vesela i nasmijana i dobro obucena( tako to ide uz krasnu doktoricu).,0,2,2,False
Draga doktorice hvala za sve i vidimo se uskoro.Marina,0,2,2,False
"Sve pohvale za doktoricu Ivanu i njezinu sestru.Odnos prema pacijentu na visokom nivou.Susretljivost,ljubaznos i strpljivost za nas koji smo imali strah prema stomatolozima.",2,2,2,True
"Vrhunski opremljena ordinacija,sa toplim duhom i ugodnim ambijentom.",2,2,2,True
"Želim Vam uspješan rad i puno pacijenta,jer ste vi to zaslužili.",2,2,2,True
Sretno!,2,2,2,True
"Na prvom mjestu profesionalnost,susretljivost i ljubaznost.",1,2,2,False
"Od kada idem kod dr.Borčić -Sesar nema više boli,straha od zubara i imam prekrasan osmjeh.",1,2,2,False
Ordinacija izrazito moderno opremljena gdje se osjecam ugodno i opusteno.,1,2,2,False
"Sestra uvijek vesela i nasmijana i uvijek nam uspije ""stvoriti "" termin.",1,2,2,False
Svima bih preporucila doktoricu kojoj sam jako zahvalna!,1,2,2,False
"Radila sam u ordinaciji Borčić Sesar dvije plombe,čiščećenje i pjeskarenje zubi.",2,1,1,False
Imam samo riječi hvale.,2,2,2,True
Termini nisu dugi.,2,1,1,False
"Doktorica je jako pažljiva,stručna i pedantna.",2,2,2,True
Ima nježnu ruku i jako se trudi da je sve u redu.,2,2,2,True
"Sestra također ugodna, prostor u kojem rade je prekrasan, uredan i čist.",2,2,2,True
Svima preporučujem odlazak kod dr.,2,2,2,True
"Ivane bez straha,jer će te izaći s osmijehom na licu.",2,2,2,True
"Svima bih ju preporučila.. ljubazna , stručna i temeljita.",1,2,2,False
"Nakon tretmana sam bila prezadovoljna, te sam cijeli dan gledala zube i divila se Izvedba plombe na zubu je savršena , te zub izgleda kao da nikad nije bio pokvaren.",1,2,2,False
Uz sve to tretman je bio brz i bezbolan.,1,2,2,False
"Kod samog ulaska u ordinaciju, gdje Vas dočeka uvijek nasmijana i veselo raspoložena sestra, shvatite kako posjet zubaru može biti ugodan i opušten.",2,2,2,True
"Osoblje izuzetno profesionalno i ljubazno, na prvi pogled se vidi da vole svoja posao i zbilja uživaju u njemu.",2,2,2,True
"Doktorica je temeljita, brza i nježna, pacijentu objašnjava sve korake svog posla.",2,2,2,True
Ambijent i atmosfera su toliko ugodni i opuštajući da poželite svaki tjedan ići kod zubara.,2,0,0,False
Neljubazan i arogantan lijecnik,2,0,0,False
Na hitnu sam dosao pun bolova u ustima,2,0,0,False
"Grubo me je odgurnuo kada sam sjeo na stolicu, nije izgovorio gotovo nijednu rijec od pozdrava pa dalje",2,0,0,False
Izuzetno neljubazan i ljut na sebe i cijeli svijet,2,0,0,False
Zao mi je osoblja koje ga mora trpjeti,2,0,0,False
Zadnje sto ocekujete kada imate jake bolove je ovakav lijecnik,2,0,0,False
"5,4",1,1,1,True
imali smo pregled kod doktora da potvrdi dijagnoza koju su primjetile lječnice iz KBC par dana prije,1,1,1,True
"Vrlo brzo napravili smo sve preglede, nikad nismo za ništa predugo čekali",1,2,2,False
"Šokirana da mi dijete nagluho i da treba operaciju bubnjića, cjevčice u drugo uho i vađenje trećeg krajnika, a na jesen kreće u školu,",1,0,0,False
"nisam se stigla ni informirati ,...već sam dobila mail da je operacija 2.5",1,0,0,False
"Nakon operacije imali smo par kontrola, sve je uredno zarastalo",1,1,1,True
"Tako da smo do škole, tj. već sad riješili sve i možemo se bezbrižno kupati!",1,2,2,False
Stvarno sam zahvalana doktoru da je primljena tako brzo i da je to tako uspješno napravljeno,1,2,2,False
"Doktor je vrlo susretljiv, ljubazan, pristupačan te konstruktivan",1,2,2,False
Nemam nikakvog prigovora kod njegovog pristupa,1,2,2,False
"Nakon 1.5h zakasnjenja primljen sam kako bi doticni potpuno ignorirao moja pitanja i izbacio me van nakon dvije minute sa rijecima upucenima medicinskoj sestri: ""Ja sam to obavio""",2,0,0,False
"Primjer arogantnog doktora koji je to postao iz meni nepoznatog razloga, no taj razlog zasigurno nije pomoc pacijentu, jer njemu je to ocito zadnje na listi zivotnih prioriteta",2,0,0,False
"Na krucijalna pitanja o mojem zdravlju, koja ne zahtijevaju vise od dvije minute njegova vremena on okrece glavu",2,0,0,False
"Uz arogantan mi pogled govori da se vratim za dva mjeseca, a na nalaz napise za dva dana",2,0,0,False
Ovakve su osobe sramota modernog hrvatskog drustva,2,0,0,False
"Ovo mi nije prvo negativno iskustvo s doticnim ""doktorom""",2,0,0,False
Prosli me puta pitao s cime imam problema,2,1,1,False
"Kada sam rekao ""kronicna upala sluznice"", rekao mi je da prestanem lupat nesto sto sam napamet naucio i sto ne razumijem, i opisem simptome",2,0,0,False
"Zanimljivo kako pretpostavlja da nakon dvadeset godina problema s navedenom dijagnozom ja ""napamet lupam""",2,0,0,False
O ovoj osobi nazalost nemam reci nista pozitivno,2,0,0,False
Potpuno razocaranje,2,0,0,False
Katastrofalan pristup pacijentu na hitnom prijemu uz ocigledno lose raspolozenje doktora koje se oslikava na rad i strucnost u situaciji,2,0,0,False
"Nakon kratke intervencije za koju smatram da se moze odraditi s vise ljudskosti zbog bolova koje je pacijent pokazao prije, za vrijeme i nakon intervencije doktor daje kratko i nerazumne upute u odlasku",2,0,0,False
Na izlasku iz zgrade med. sestra ponavlja upute koje je doktor dao iz ociglednog razloga jer je i ona uvidjela da ponasanje doktora prema pacijentu nije primjereno i krajnje neprofesionalno,2,0,0,False
Intervencija koja je odradena je pomogla i ublazila bolove,2,2,2,True
"Profesionalan , ljubazan",2,2,2,True
Stručnjak u svome poslu,2,2,2,True
Zahvalna na zahvatu koji je napravio iskreno ga preporučujem svima,2,2,2,True
U uvjetima u kojima rade zaista zaslužuju puno poštovanje od svih pacijenata,2,2,2,True
Hvala,2,2,2,True
Operirala sam otosklerozu na oba uha prije tri godine,2,0,0,False
Bila sam već skoro gluha,2,0,0,False
U 7 mjeseci su obavljene obje operacije i to savršeno,2,2,2,True
U međuvremenu sam se odselila u Njemačku i već sam bila kod dva doktora na pregledima koji su oduševljeni kad vide sa kakvim je to uspjehom napravljeno,2,2,2,True
Čude se i hvale doktora koji je to napravio,2,2,2,True
"Čudno im je da je u obje operacije postigao takav uspjeh, kao i da se u uhu ništa ne vidi",2,1,1,False
J vjerujem da mu uvijek tako dobro uspije,2,2,2,True
"Čujem naravno sve i samo mi je negdje u magli ostalo u sjećanju kako je to ništa ne čuti, naprezati se da čujem, čitati sa usana, izbjegavati razgovore ili se samo smješkati da ne pitam ljude da stalno ponavljaju",2,0,0,False
Mogu naravno i pohvaliti ljubaznost i profesionalnost doktora koji je sve objasnio i lijepo me uputio tako da ni u jednom trenutku nisam bila nesigurna i znala sam što me čeka,2,2,2,True
dr.sc,2,1,1,False
"Velepič svojim znanjem, vještinama i kompetencijama, nizanjem uspjeha ali i uz maksimalnu profesionalnost, svojom zadržanom toplinom i ljudskošću zaslužuje mjesto uz bok svjetskim ORL facama",2,2,2,True
"Srećom, to je ""naš čovik"" i hvala mu što je još uvijek tu!",2,2,2,True
"Vrhunski otorinac i kirurg glave i vrata, jedan od vecih uspjeha postigao fantasticnom rekonstrukcijom uske i vracanju sluha 6-godisnjoj djevojcici , ali i mnogim drugima ugradjivanjem kohlearnog implatata",2,2,2,True
Ucio je od najboljh i njihovo znanje vjesto prenosi i prakticira,2,2,2,True
"Meni je radio rinoseptoplastiku-zahvat je izveo maestralno, bez postoperativnih podljeva i otoka, bez boli i neugode",2,2,2,True
"Tijekom mog boravka u bolnici bio je izrazito pristupacan i neizmjerno ljubazan ne samo prema meni vec i prema mojoj obitelji, ali i prema drugim svojim pacijentima, uvijek strpljiv, u odgovorima i objasnjenjima jasan, konkretan i koncizan",2,2,2,True
"Jako ugodna osoba, mlad ( i ne mogu da ne primjetim-bezobrazno zgodan:-) doktor koji zraci pozitivnom energijom i jednostavno ulijeva povjerenje svojim pacijentima; sigurna sam da ce u svojoj karijeri nizati jos brojne i nenadmasive uspjehe",2,2,2,True
Sve pohvale i preporuke!,2,2,2,True
"Tijekom boravka u bolnici bio je izrazito pristupacan i ljubazan ne samo prema meni vec i prema mojoj obitelji, uvijek savrseno jasan, konkretan i koncizan",2,2,2,True
svoje pacijente i tretira ih s velikom dozom postovanja i profesionalnosti,2,2,2,True
M,2,1,1,False
"Doktorica totalno nezainteresirana za pomoć, na pregledu se vi samostalno trebate odlučiti što vas najviše muči jer ona nema vremena pregledat “baš sve ona ima posla”.",2,0,0,False
"Htjela sam pregled madeža jer sam svijetlije puti i obavim takav pregled jednom godišnje (a svi znamo koliko se čeka pregled u dermatologa, tako da je moja ovogodišnja šansa već prošla).",2,0,0,False
Ali pošto sam došla i zbog izrasline na prstu i promjene oko usana nisam dobila pregled madeža.,2,0,0,False
Uz pregled madeža došla sam i zbog ta dva gore navedena problema za koje sam bila prije 10 dana privatno u poliklinici i tamo mi nije rečeno ništa konkretno pa sam htjela da mi doktorica bolje objasni međutim i ona nije znala ništa vezano za to ipak je najlakše ponoviti što mi je već rečeno.,2,0,0,False
Smatram da je temeljit pristup i profesionalost minimum koji pacijent treba dobiti pogotovo kad se radi o kožnim koje mogu biti ozbiljne.,2,0,0,False
"Doktorica ljubazna, brižna, sve najbolje...preporučam je",2,2,2,True
Oduševljena sam njenim odnosom prema meni,2,2,2,True
"Ordinacija je lijepa, uredna i pozitivno zrači, kada ste tamo jednostavno se ugodno osjećate",2,2,2,True
Kroz ove godine stekla sam dojam da je doktorici zaista stalo do njenih pacijenata i svakim dolaskom se iznova uvjerim u to,2,2,2,True
"Temeljita, susretljiva, nikad ne pogriješi!",2,2,2,True
"Nježna, ljubazna, stručna, sjajna u postavljanju dijagnoze",2,2,2,True
"Nažalost nisam dugo bila upisana kod nje jer sam odselila, ali preporučujem ju svakome",2,2,2,True
Sve pohvale za doktoricu jako dobra sve objasni obavi jako dobro pregled da sam tražila ne bih našla bolju doktoricu,2,2,2,True
Kad idem na pregled nema straha jer imam povjerenja u doktoricu,2,2,2,True
"Toliko ljubazan i profesionalan odnos prema pacijentima, sve lijepo objašnjeno i pokazano!",2,2,2,True
Svaka pohvala gospodinu Mariću!,2,2,2,True
Svakako ću Vas svima preporučiti!,2,2,2,True
Doktorica je izvrsna liječnica,2,2,2,True
Pristup joj je korektan i profesionalan,2,2,2,True
"Sestra uslužna i također, profesionalna",2,2,2,True
"Doživjeti danas da vam se toliko liječnik posveti zaista je rijetko, tako da sve pohvale za doktoricu Marić",2,2,2,True
"Divna doktorica, stručna i izuzetno ljubazna.Rijetko sam naišla na liječnika koji mi sve detaljno objasni i doživljava me kao osobu",2,2,2,True
"Susrela sam mnoge DR. ali doktorica Marić je prvo veliki čovjek, a zatim vrhunska stručnjakinja!",2,2,2,True
DR. Marić preporučam od srca svakoj ženi,2,2,2,True
Imala sam rizičnu trudnoću koju je vodila i poslije još neke ginekološke probleme koje je riješila,2,0,0,False
"Izuzetno je strpljiva, savjesna, susretljiva i otvorena za sva pitanja, vidi se da voli posao koji radi",2,2,2,True
"Preporuke svima za ovu divnu doktoricu,meni osobno najbolje iskustvo s liječnicima do sad,jednostavno najbolja je ?",2,2,2,True
"Doktorica je izrazito ugodna, ljubazna, pažljiva i stručna",2,2,2,True
Cijelu trudnoću sam vodila kod nje i prezadovoljna sam,2,2,2,True
Pohvale i za sestru koja je također uvijek ljubazna i nasmijana,2,2,2,True
"Pregled ugodan, sve objašnjeno, na sva pitanja dobila odgovor",2,2,2,True
Jako sam sretna što sam ju pronašla te bih svakako doktoricu preporučila svakoj ženi koja dobro želi brinuti o svom zdravlju,2,2,2,True
"Doktorica je super ljubazna, pregled je nevjerojatno ugodan, brine se da ti je udobno, sve je dobro predvidjela (skoro pogodila dan poroda, pogodila kakav će porod biti)",2,2,"2
```python
2
```",True
"Doktorica je toliko draga, profesionalna i empatična",2,2,2,True
Ja koja imam uvijek hrpu pitanja uvoiek izađem kompletno obavještena,2,1,1,False
Prvo čovjek a onda liječnica,2,0,0,False
I to zaista vrhunska!,2,2,2,True
"Mnogi ginekolozi i ginekologinje, koliko čujem iz iskustva prijateljica, bilo privatnici ili javni, tretiraju svoje pacijentice koje dolaze na prve ginekološke preglede i redovne kontrole vrlo žurno i mahinalno, ali moje iskustvo s DR. Ilvom Marić je bilo sasma drugačije i ugodno",2,2,2,True
"Unatoč tome što sam bila prvi put, nisam se osjećala stranom zbog profesionalne i ljubazne medicinske sestre i jednako tako ljubazne i pažljive ginekologinje",2,2,2,True
Preporučujem DR. Ilvu Marić za prve ginekološke preglede upravo zbog njene obzirnosti prema mladoj pacijentici,2,2,2,True
"Doktorica je iznimno temeljita, jasna, pristupačna i ljubazna",2,2,2,True
Pregledi kod nje su ugodni i bezbolni,2,2,2,True
Svakako ju preporučujem,2,2,2,True
"Divna doktorica,temeljita,pažljiva,osjećam se sigurno i imam potpuno povjerenje.Sestre Ines i Galina besprijekorne u obavljanju svog posla.Ordinacija je predivno uređena i opremljena i što je najbitnije jako uredna.Sve pohvale i preporuke <3",2,2,2,True
"Susretljiva i ljubazna doktorica, opušteno i bez nelagode dolazim u ambulantu, pregled bezbolan, daje odgovore na moja pitanja",2,2,2,True
Moja preporuka!,2,2,2,True
"Svojim pristupom mi je ulila povjerenje i zaista ju ne bih mijenjala, nadam se da neću morati",2,2,2,True
Prošle smo zajedno moje dvije trudnoće i dalje sam njena redovna pacijentica,2,1,1,False
Prekrasan osjećaj kad dođete i odete opušteno,2,2,2,True
Super doktorica,2,2,2,True
"Temeljita, jasna, strpljiva i jako ugodna",2,2,2,True
Definitivno cu iduci pregled opet obaviti kod nje,2,2,2,True
"Odlična doktorica,stručna,ljubazna i nadasve strpljiva!",2,2,2,True
"Jako ljubazna, pristupačna i brižna",2,2,2,True
"Sreća je da nemam nekih ginekoloških problema, ali činjenica je toliko angažirana oko mene i mojih pitanja o budućoj trudnoći, samo mi je povećava povjerenje kako ću, bez straha, imati dobru i stručnu doktoricu uz sebe!!",2,2,2,True
Veliki plus i za sestru,2,2,2,True
"Hvala vam, doktorice!",2,2,2,True
Sve pohvale!,2,2,2,True
Odlična doktorica!,2,2,2,True
"Profesionalna,simpatična,stručna,",2,2,2,True
"A i sestra je uvik prijateljski raspoložena,ljubazna i komunikativna, Čitam nezadovoljstvo nekih pacijentica pa bih samo rekla drage moje ima i svakakvih pacijentica!",2,2,2,True
Dodju neradpoložene ili misle da ih se treba posebno tretirati!,2,0,0,False
Drage gospodje prvo potadite na sebi pa onda sudite o ponašanju sestre ili doktorice!,2,0,0,False
Hvala DR.Marić i simpatičnoj sestri,2,2,2,True
"Citam da ste svi nezadovoljni DR. Marić i sestrom,al isto tako morate uzeti u obzir da su prekrcane pacijenticama...nema ih 10 nego poprilicno...meni je vodila trudnocu i ne da sam zadovoljna nego prezadovoljna...otisla je u privatnike al ja sam ostala kod nje....mislim da se po tome moze zakljuciti jel dobra il ne...a ako kome ne pase radije se prebacite kod nekog drugog nego da ostavljate ruzne komentare za obje",2,2,2,True
Prvi put sam bila kod dokt.na pregledu i jako sam zadovoljna,2,2,2,True
"Nježna,temeljita,ne brza kod pregleda,što mi je bilo bitno s obzirom na trudnoću.Objasnila je sve u detalje",2,2,2,True
Prvo bih počela sa sestrom koja je stvarno ljubazna prema meni bila,2,2,2,True
"Mlada sam, nisam majka, nisam trudna, jednostavno imam problema sa cistama na jajnicima tako da mi je prošla godina bila stalno kod doktorice Marić",2,0,0,False
"Imam samo pohvale, sestra ljubazno kaže da pričekate malo, što je inaće dosta dugo al Bože moj, doktorica je uvijek ljubazna, spremna pomoći, odgovori na pitanja, papa test i briseve nisam ni osjetila, tj kada me najviše boljelo nisam osjetila bol pri pregledu koliko se doktorica trudi",2,2,2,True
Samo pohvale!,2,2,2,True
"Ponekad stvari krenu loše, u tom trenutku izrazito vam je važno da uz sebe imate izvrsnog liječnika, profesionalca ali i čovjeka prije svega",2,0,0,False
"U najtežim trenutcima mog života-izrazito kompliciranoj i neizvjesnoj trudnoći, DR. Marić je pokazala izrazitu stručnost, ali i ljudskost",2,2,2,True
"Uvijek je našla vremena za strpljivo odgovaranje na sva pitanja, bila spremna pomoći, nadilazila sve okvire uobičajenog odnosa pacijent-liječnik",2,2,2,True
"U svakom trenutku sam znala da se na nju mogu osloniti, da smo i beba i ja u najboljim mogućim rukama i nikada se nisam osijećala kao da sam samo još 1 pacijent",2,2,2,True
"Stoga ako i morate malo pričekati zaista se isplati, boljeg liječnika nećete naći",2,2,2,True
Bravo za našu doktoricu!,2,2,2,True
"Puno mi je pomogla, izuzetno je cijenim",2,2,2,True
Doktorica i sestra daju sve od sebe u uvjetima u kojima rade,2,1,1,False
Imala sam velike probleme koje je doktorica strucno prepoznala i spasila me.Samo rijeci hvale za njih,2,2,2,True
"Doktorica je izvrsna, ljubazna i profesionalna",2,2,2,True
Brzo postavi dijagnozu i s lakoćom objasni sve nejasnoće,2,2,2,True
"Ali, njena sestra je grozna",2,0,0,False
"Ne javlja se na telefon cijeli dan, a dok čekam na pregled redovito zna izaći ispred vrata i ćakulati s pacijenticama koje poznaje",2,0,0,False
"Također, bezobrazno je od sestre da ne naručuje na pregled drugog u mjesecu ako je prvi bio neradan i još se ponaša kao da to nije njen problem",2,0,0,False
Izuzetno ljubazne I doktorica I sestra (posebno doktorica),0,2,2,False
"Izlaze u susret maksimalno te ukoliko je hitno ili bar mislite da je hitno, doktorica ce Vas primiti na pregled....Bila bi idealna mogucnost ugovaranja termina e-mailom",2,2,2,True
DR. Marić mi je vodila obje trudnoće i uvijek je bila jako ljubazna prema meni,2,2,2,True
"Što se tiče sestre, njezin rad je maksimalno kvalitetan s obzirom na uvjete i prevelik broj pacijenata",2,2,2,True
Od mene imaju samo riječi pohvale,2,2,2,True
Imam samo pozitivna iskustva,2,2,2,True
"Kako s doktoricom, tako i sa sestrom",2,1,1,False
"Moram priznati, malo me plase i cude svi ovi neg komentari",2,0,0,False
Svaki put minimalno cekam i sestra je ljubazna prema meni,2,1,1,False
"Kod doktorice sam upisana već četiri godine tijekom kojih stalno plaćam privatne preglede jer je do nje nemoguće doći, čak i tog famoznog ""prvog u mjesecu""",0,0,0,True
Ako osoba koja je završila medicinu i položila zakletvu dopušta da se njeno tako ponaša prema nečijem zdravlju - pametnome dosta,0,0,0,True
Molim medicinsku sestru koja radi u ordinaciji dr Marić da počne odgovorno i savjesno obavljati svoj posao,0,0,0,True
Tjedan dana svakodnevno zovem po 20 puta bezuspješno,0,0,0,True
Uvijek daje znak da je zauzeto što bi značilo da je slušalica podignuta,0,0,0,True
Ukoliko ne daje znak zauzeto - nitko se ne javlja,0,0,0,True
"Trudnocu vodim privatno, i za sve potrebno mi zapravo treba samo sestra ciji je odnos sa pacijentima grozan!",2,0,0,False
"Javljanje na telefon kod njih nepostoji, svaki put kad ju trebam danima bezuspjesno zovem i kad nakraju odustanem od zvanja i odem u ordinaciju, pa me docekaju bezobrazni komentari i velika doza bahatosti od strane sestre",2,0,0,False
Razumijem da imaju i previse posla ali takav odnos i to nejavljanje na telefon samo dodatno otezavaju posao i njima i pacijentima,2,0,0,False
"Kod doktorice Maric cekaju svi,cekaju i trudnice cijelo jutro!na telefon se na javljaju ni prvog u mjesecu, zvala sam ih 30tak puta.Opravdanje nije stanje u nasem zdravstvu, jer se osobno nigdje nisam susrela s ovako neorganiziranom ordinacijom, ni kod doktora opce prakse koji ima puno vise pacijenata, cak ni u bolnici",2,0,0,False
Sestra u podne prolazi kroz cekaonicu s izjavom da mora i ona popiti kavu,2,1,1,False
"Kad se zainatite pa nekako uspijete doci kod doktorice ona je divna, al sto mi to znaci?",2,0,0,False
"To nije najdoktor, a naljepili su to na vrata!",2,0,0,False
"Privatno vodim trudnocu, trebala bi mirovati, treba mi samo uputnica, a do nje cu mukotrpno doci",2,0,0,False
To nije i ne moze biti ok,2,0,0,False
"Doktorica je u komunikaciji vrlo ljubazna, spremna saslušati i objasniti, a u poslu stručna, Puno mi je pomogla točnim dijagnozama i terapijom zahvaljujući kojoj danas imam dijete",2,2,2,True
"Problem je dobiti ordinaciju na telefon i naručiti se ako nisi trudan kao i doći na red ako je hitno, a niste ranije naručeni",2,0,0,False
"Mislim da problem nije u sestri koja je vrlo draga, već u prevelikom broju pacijenata",2,1,1,False
Sestra je katkad nervozna zbog gužve pa se ne može baš svakom smiješiti što je razumljivo jer nije hostesa već zaposlenica hrvatskog zdravstvenog sustava,2,1,1,False
"Doktorica Marić je predivna, pristupačna i ljubazna, a što se tiče medicinske sestre žena je isto tako vrlo draga osoba, samo je na nju pritisak jako velik i nije mi jasno zašto se ne zaposli još jedna medicinska sestra na toliko velik broj pacijenata",2,2,2,True
"Ne poznajem je osobno i nemam nikakve ""veze"" ali sestra me uvijek lijepo primila te cijelu trudnoću su mi besprijekorno vodili doktorica i svi doktori što su na zamjeni",2,2,2,True
Imam isti problem,0,0,0,True
Ovo je strasno i nedopustivo,0,0,0,True
Sigurna sam da nijedna od nas nema vremena cijeli dan biti na telefonu,0,0,0,True
Jucer sam zvala 47 puta,0,0,0,True
"Odlucila sam je dobiti, ali medicinska sestra je ipak upornija u ignoriranju nego ja u zvanju",0,0,0,True
U potpunosti se slazem sto se tice doktorice i medicinske sestre,2,2,2,True
"Doktorica divna, medicinska sestra hladna i nezainteresirana",2,0,0,False
"Doktorica Marić je divna, ali je ne bih preporučila samo zbog medicinske sestre koja se ponaša kao da je u najmanju ruku Predsjednica Republike",2,0,0,False
Kada sam se tek upisala nisam znala da samo prvi dan u mjesecu mogu zvati da se narucim,2,0,0,False
"Kada sam to saznala, doslovno sam cijeli dan bila na telefonu, ali se medicinska sestra nije javljala",2,0,0,False
"Onda sam otišla s posla i čekala s drugim gospođama, pristojno sam prvo puštala trudnice",2,1,1,False
"Čekala sam gotovo 3 sata, onda sam pokucala i zamolila može li me upisati za pregled",2,0,0,False
"Ona je rekla hladno: ""Ne moze, nazovite na telefon"", a ja na to: ""Ali Vi se uopce ne javljate na telefon"", ona ništa",2,0,0,False
jedva sam je nagovorila da me upiše i ipak me upisala u prazan kalendar za sljedeci mjesec,2,0,0,False
Gospođi je to bio ogroman napor,2,0,0,False
"Ovaj mjesec, 1.3.2016",2,1,1,False
"sam ponovno zvala, 6 puta: telefon je bio ili zauzet ili se nije javljala",2,0,0,False
Dan poslije 2.3.2016,2,1,1,False
sam zvala 47 puta: telefon zauzet ili se ne javlja,2,0,0,False
"Jutros, 3.3.2016",2,1,1,False
"sam zvala 3 puta, ista stvar",2,0,0,False
"Gospođo medicinska sestro, mislim da se ponasate jako nekorektno",2,0,0,False
"telefoni postoje s razlogom, a vecina zena koje dolaze kod divne doktorice, ali nimalo divne i jako neljubazne medicinske sestre, vecinom rade",2,0,0,False
Ovaj nas zdrastveni sustav se sveo na to da moras biti dobar s jednom obicnom medicinskom sestrom da bi dosao na red,2,0,0,False
"Oprostite ako sam Vas s riječju ""običnom"" uvrijedila, ali i Vi mene vrijeđate svakim ignoriranjem mojeg poziva i mojeg dragocjenog vremena koje trosim da bih dobila termin kod doktorice (ponavljam, jucer sam zvala 47 puta!!!)",2,0,0,False
Apeliram na Vas doktorice Maric da nekako rijesite ovaj problem jer je ovaj nacin neodrziv i neizdrzljiv,2,0,0,False
Sigurna sam da postoje sposobnije medicinke sestre koje su u stanju dignuti slusalicu i zapisati pacijenticu za termin,2,0,0,False
Hvala Vam,2,2,2,True
"Doktorica i sestra odlične, ali pretrpane pacijentima i teško je doći na red, što izaziva nezadovoljstvo pojedinih žena",0,0,0,True
"Poštovani, zanima me kako je moguće naručiti se izvan tog prvog u mjesecu kada se naručuje za redovni pregled",2,1,1,False
"Konkretno, zanima me kako doći do sestre ukoliko se trebate naručiti za pregled da bi se potvrdila trudnoća",2,1,1,False
"Sestra je jako neugodna, ne javlja se na telefon ako nije prvi u mjesecu, a ukoliko dođete i čekate red da bi se naručili za takav pregled, onda se susretnete s tim da vas sestra izbaci vani iz ureda i usput se izdere da ne može više",0,0,0,True
"Znači, upisan si kod ginekologa da ne moraš plaćati privatne preglede, ali sve to gubi smisao ako imaš lošu sestru kao što je od DR. Ilve Marić",2,0,0,False
Izrazito neugodno iskustvo svaki put s medicinskom sestrom koja radi u ambulanti,2,0,0,False
Odlična doktorica za vođenje trudnoće visoka razina profesionalnosti i puna oprema ordinacije!,2,2,2,True
"Zatrpani su poslom i trudnice imaju potpunu prednost tako da za one koji nisu trudni teze ce dobiti termin pregleda (koji se moze zatraziti prvi radni dan u mjesecu) ali budite uporni i doci cete na red, upravo zbog zivcanih i nestrpljivih ljudi sestra je neki put frustrirana i pusti telefon da zvoni dok obavlja ctg trudnicama ili dok rjesava papirologiju tako da je moj savjet samo strpljivo!",2,0,0,False
Mislim da puno bolje funkcioniraju odkad su u zasebnoj ordinaciji i sada su dostupni telefonom 627 230,1,2,2,False
Izvrsna doktorica ali i njezina medicinska sestra,2,2,2,True
Samo bi bilo super da uvedu naručivanje putem maila ili faxa i onda samo da naknadno jave datum pregleda na ostavljeni kontakt broj osobe koja traži pregled,2,0,0,False
Ima i drugih ordinacija koje obavljaju isti posao pa čovjek ne mora potrošiti pola dana na pozivanje uvijek istog broja,2,0,0,False
Zovem već mjesec dana u komadu,2,1,1,False
nitko se nejavlja,0,0,0,True
To je tocan broj,1,0,0,False
"Danas sam ju napokon dobila, nakon jedno dva tjedna pokusavanja",1,2,2,False
Ista stvar-ili je bilo zauzeto ili se nitko ne javlja,1,0,0,False
Poštovani!!,2,1,1,False
"nemoguče je ikoga dobit na taj br cijeli tj zovem do kraja odzvoni,a nakon toga je zauzeto!",2,0,0,False
kad zvati i dali ima koi dr broj da se dode do doktorice Marić srdačan pozz svima,2,1,1,False
"Gužve su ogromne i čeka se jako dugo na termin, ali to nije greška DR. Marić, jednostavno nam fali ginekologa",1,1,1,True
"Malo detaljniji pregledi ne bi škodili, sve je to nekako brzinski, ali što je je, i sa takvim pristupom mi je dala odličnu terapiju koja me preporodila, tako da žena valjda zna što radi",1,2,2,False
"Meni je čisto ok, izvlači maksimum iz radnih uvjeta kako bi pomogla pacijenticama",2,1,1,False
Vjerujem da radi u boljim uvjetima da bi bila jedna od najboljih ginekologinja,1,2,2,False
"Eto, gore sam navela njihov (samo njihov) novi broj telefona, ali isto ih je jaaaako tesko dobiti!",2,0,0,False
"Do sada sam, ipak, dozivila da se upornost isplati!",1,2,2,False
:) Ali triba imati zivce i strpljenje i zvati,1,2,2,False
Sigurna sam da je ipak najveci problem sto ih se ne moze odmah dobiti u tome sto radi jedna sestra koja nema 100 ruku i usiju pa da se moze javiti na svaki poziv sad i odmah,2,1,1,False
A i nije joj to jedini posa koji obavlja pa se ne triba cuditi,1,0,0,False
"""Jadna"" ona, zapravo",1,0,0,False
"Savjet- budite uporni i sacuvajte svoje zivce, ako ikako mozete!",1,0,0,False
;),1,0,0,False
"023 627-230 To je novi broj telefona od kada su se preselili u svoju ordinaciju, mislim kat iznad DR. Krpine",2,2,2,True
ima li netko broj tel,1,1,1,True
od dr Ilve Marić?,1,0,0,False
hvala!,2,2,2,True
"jA VODIM TRUDNOĆU KOD DR. MARIĆ, JAKO SAM ZADOVOLJNA",2,2,2,True
"DR. Marić radi u ambulanti DR. Krpine, ona u jednoj, a on u drugoj smjeni",2,1,1,False
To sliči na ništa!,2,0,0,False
"Možete zamisliti kako telefon zvoni po cijeli dan, jedan broj za dva doktora!",2,0,0,False
Mogli su bar imati svak svoj broj telefona,2,0,0,False
"Neznam čiji je to propust, najvjerojatnije poslodavca za kojeg rade",2,0,0,False
DR. Marić ne može se dobiti na telefon,2,0,0,False
Čiji je to propust (da li sestre ili doktorice) ne znam,1,0,0,False
"Znači, jedini način za dobiti termin za pregled ili lijek je doći u ordinaciju, radi čega nastaje velika gužva i naručeni pacijenti dugo čekaju",2,0,0,False
Možda ne bi bilo loše da razmisle i o mailu na koji bi se pacijentice mogle javiti za naručiti se ili ako se nakon pregleda nešto zaboravilo (što se često zna dogoditi upravo radi velike gužve) Učitali ste sve komentare,1,1,1,True
"Cijeli život muku mučim sa svojim zubima, uvjeren da mi genetika donosi gebis,ali zahvaljujuč dr. Balenoviću rješio sam strah od zubara i napokon volim svoje zube,hvala dr. Nino!",1,2,2,False
"Sve pohvale za tim dr. Balenovića, posebno za dr. Marija Sabljić, na profesionalnosti, stručnosti i senzibilnosti",2,2,2,True
"Jako sam zadovoljna njihovim radom i modernim pristupom, te njihovom dostupnosti",2,2,2,True
Preporučam,2,2,2,True
Dr,1,1,1,True
Balenović je poseban liječnik jer je izuzetno senzibiliziran i orijentiran na liječenje i izlječenje zuba ako je moguće,2,2,2,True
Od srca mu želim unutarnje snage ida zadrži žar prema svojem poslu i pacijentima te za svakodnevno suočavanje sa izazovima,1,2,2,False
"Doktor Balenović je vrhunski stručnjak i vrlo draga osoba, kao i cijeli tim",2,2,2,True
Moje srdačne preporuke!,2,2,2,True
Doktor Balenović i njegov tim su iznimno ljubazni i fleksibilni s dogovaranjem termina koji bi mi najviše odgovarao i izlazili mi u susret,2,2,2,True
"Najbolji doktor na ovom području, veoma ljubazan, pristupačan, kvalitetan, i stručan glede svog dijela rada!",2,2,2,True
Moja topla preporuka!,2,2,2,True
I am so glad to be a patient of Dr,1,2,2,False
Balenović,1,1,1,True
I always leave the practice extremely satisfied,1,2,2,False
I especially love his modern way of working since he uses scanner which makes the treatment so much more comfortable,1,2,2,False
"Izvrstan stomatolog, jako profesionalan i pristupačan",2,2,2,True
Ordinacija Balenovic ima sve preporuke od mene !!,2,2,2,True
"Veliki stručnjak i odlična osoba, vrlo ugodna suradnja",2,2,2,True
Zadovoljan sam rezultatom jer sam inače jako težak pacijent,2,2,2,True
U ordinaciju dr.Balenovića uvijek ulazim s punim povjerenjem da će na kraju sve biti dobro,0,2,2,False
I tako uvijek i bude :),1,2,2,False
"Iskusan doktor s puno znanja i vještine, za preporuku svakome tko baš i ne preferira odlazak kod zubara, ovdje ćete naći rješenje svojih problema",0,2,2,False
"Dolazeći na pregled bila sam vrlo nervozna, no nasmijano i ugodno osoblje pomoglo mi je da se osjećam vrlo ugodno te sam odradila sve potrebne zahvate bez stresa i straha",1,2,2,False
Ordinacija je bila vrlo čista te lijepo uređena a atmosfera je ugodna i opuštajuća,1,2,2,False
Uz sve to nisam trebala uopće čekati već je pregled obavljen u dogovorenom terminu,1,2,2,False
Sve u svemu jedno jako dobro iskustvo i za svaku preporuku!,1,2,2,False
Svaka pohvala doktoru i njegovom osoblju,2,2,2,True
Već dugi niz godina dolazim redovno i svaki put izlazim zadovoljan,2,2,2,True
"Vrlo stručan i pedantan u svome radu, uz individualan pristup svakom zasebnom pacijentu",2,2,2,True
Uvijek spreman i za pokoju šalu,2,2,2,True
Jednostavno predivno iskustvo kada ste u oravim rukama,2,2,2,True
Stomatološka ordinacija Balenović zaslužuje najviše pohvale za izvanrednu brigu o pacijentima i visok profesionalizam,2,2,2,True
Nedavno sam posjetio ovu ordinaciju i ostao sam oduševljen svim aspektima njihove usluge,2,2,2,True
"Na početku, dočekao me je ljubazan i stručan tim na recepciji",2,2,2,True
Brzo su me uputili o svim uslugama i procedurama,2,2,2,True
"Vrijeme čekanja je bilo minimalno, što je uvijek plus",2,2,2,True
Doktor Balenović koji me je pregledao bio je izuzetno kompetentan,2,2,2,True
Detaljno mi je objasnio trenutno stanje mojeg zubnog zdravlja i predložio najbolji tretman,2,2,2,True
"Tijekom same procedure, doktor je bio pažljiv i obazriv, pazeći na moju udobnost",2,2,2,True
"Bol je bila minimalna, što govori o njihovoj stručnosti",2,1,1,False
Posebno sam zadovoljan brigom koju su pružili nakon tretmana,2,2,2,True
Dobio sam sve potrebne smjernice za posttretmansku njegu i redovno su me kontaktirali kako bi se uvjerili da se oporavljam bez problema,2,2,2,True
"Cijene usluga su bile razumne i transparentne, bez skrivenih troškova",2,2,2,True
"Ukratko, Ordinacija Balenović je odlična stomatološka ordinacija koju preporučujem",2,2,2,True
"Njihova profesionalnost, pažnja prema pacijentima i visoka kvaliteta usluge čine ih vodećim u dentalnoj industriji",2,2,2,True
Osjećam se sretno što sam ih pronašao i sigurno ću se ponovno obratiti njihovim uslugama u budućnosti,2,2,2,True
Hvala na predivnom iskustvu!,2,2,2,True
O doktoru samo riječi hvale,2,2,2,True
Kod doktora sam vadila umnjake i proces je bio poprilično bezbolan,2,2,2,True
"Tokom cijele procedure je provjeravao kako sam, osjetim li da me nešto boli itd. Objasnio nakon vađenja cijeli proces brige te ako osjetim ikakvu bol da se odmah javim (javila sam se i dobila sam termin isti dan)",0,2,2,False
Top usluga!!,1,2,2,False
Jako simpatičan i stručan doktor te vrlo drago osoblje,2,2,2,True
Nisam uopće trebao čekati već su me odmah primili a pregled je bio odrađen bezbolno i profesionalno,2,2,2,True
Sve u svemu za svaku preporuku,1,2,2,False
Jednom rjecju - odusevljen!!,2,2,2,True
"Prije svega, vec se na samom ulasku u ordinaciju osjeti pozitivna atmosfera i ugodan ambijent",2,2,2,True
Ordinacija je cista i uredna te nema karateristican miris od kojeg se covjeku okrece zeludac prije nego uopce sjedne na zubarski stolac,2,0,0,False
Svaki tretman odraden je strucno i bezbolno u tolikoj mjeri da je cak i cijelozivotni strah od zubara savladan,0,2,2,False
"Preporuka svakome u potrazi za strucnim, a opet opustenim zubarom!!",2,2,2,True
"Dragi ljudi, evo ukratko moje iskustvo",2,1,1,False
"Veliki sam trtaroš, ne vjerujem svakome pogotovo zubarima, ali fala Bogu da ima još uvijek pojedinaca koji ti vrate vjeru",0,2,2,False
POLIKLINIKA BALENOVIĆ mi je skočila kao opcija u pretraživanju i mislim idemo na info (m.m. i ja) Nazvala u petak 6.1,2,1,1,False
I dogovorila sastanak za 9.1. 2023. jako mi je bio bitan prvi kontakt i moram vam reći da sam ugodno bila iznenadena toplinom pozitivnom i konkretnim odgovorima na sva moja pitanja,2,2,2,True
"Imamo puno posla, vađenja,popravci, liječenja i na kraju za mene jedino kaj dolazi u obzir su 4 implantanta koji će mi opet vratiti osmijeh i samopouzdanje",2,2,2,True
"Strah od nepoznatog, strah od boli je neopisiv ali Dr",0,0,0,True
Marija Sabljić vrhunski profesionalac I Dr,2,2,2,True
Balenovića otklanjanju svaki strah odrađuju besprijekorno svoj posao,0,1,1,False
"Zahvalna sam, sretna i toplo preporučujem!!!",2,2,2,True
"Odlična usluga, kvalitetno osoblje i nema čekanja, pacijent je odmah na redu",0,2,2,False
Osoblje je ljubazno i uslužno,1,2,2,False
"Dolazim kod dr. Balenovica vec godinama, imala sam problema sa zubom i od kada ga je doktor popravio nisam imala nikakvih problema s njime",1,2,2,False
"Od tada dolazim na ciscenja i druge popravke, svaki posjet je bezbolan i ugodan",0,2,2,False
Svi u ordinaciji su vrlo srdacni i ljubazni,0,2,2,False
Toplo preporucujem ordinaciju doktora Balenovića!,0,2,2,False
"Dugo godina sa cijelom obitelji koristim usluge u ordinaciji Balenović, još od kad je radio dr. Ivan Balenović",0,2,2,False
Dr,0,1,1,False
Nino i svi njegovi suradnici su fantastični,2,2,2,True
"Sve što trebam naprave najbolje što je moguće, brzo, bezbolno",2,2,2,True
"Prostor je savršeno uređen, ljudi su ljubazni, pristupačni, kad sam kod njih osjeća se optimizam i prepuštam im se s potpunim povjerenjem",2,2,2,True
Zahvaljujem im od srca na svemu,0,2,2,False
